<?xml version="1.0" encoding="UTF-8"?>
<project-private xmlns="http://www.netbeans.org/ns/project-private/1">
    <editor-bookmarks xmlns="http://www.netbeans.org/ns/editor-bookmarks/2" lastBookmarkId="0"/>
    <open-files xmlns="http://www.netbeans.org/ns/projectui-open-files/2">
        <group>
            <file>file:/C:/microchip/harmony/v2_06/apps/MINF/Exercices/MINF_TH/Ex3_1.X/main_Ex3_1.c</file>
            <file>file:/C:/microchip/harmony/v2_06/apps/MINF/Exercices/MINF_TH/Ex3_1.X/disassembly/listing.disasm</file>
        </group>
    </open-files>
</project-private>
